{"_type":"export","__export_format":4,"__export_date":"2025-03-28T22:11:39.490Z","__export_source":"insomnia.desktop.app:v9.3.3","resources":[{"_id":"req_3db95eb2d3214d7ca7d8c6aede61eb5e","parentId":"fld_9ed2069fa72e4e5a9404ebe5778cd1d1","modified":1743014929076,"created":1743001729023,"url":"https://localhost/soa2025/aula6/api.php","name":"Select","description":"","method":"GET","body":{},"parameters":[],"headers":[{"name":"User-Agent","value":"insomnia/9.3.3"}],"authentication":{"type":"basic","useISO88591":false,"disabled":false,"username":"brunohenr@gmail.com","password":"brunin123"},"metaSortKey":-1743001747422,"isPrivate":false,"pathParameters":[],"settingStoreCookies":true,"settingSendCookies":true,"settingDisableRenderRequestBody":false,"settingEncodeUrl":true,"settingRebuildPath":true,"settingFollowRedirects":"global","_type":"request"},{"_id":"fld_9ed2069fa72e4e5a9404ebe5778cd1d1","parentId":"wrk_24210ec1088d47e9bfba30c5fe078438","modified":1743001744702,"created":1743001724849,"name":"Aula6","description":"","environment":{},"environmentPropertyOrder":null,"metaSortKey":-1743001724849,"_type":"request_group"},{"_id":"wrk_24210ec1088d47e9bfba30c5fe078438","parentId":null,"modified":1743001713935,"created":1743001713935,"name":"soa2025","description":"","scope":"collection","_type":"workspace"},{"_id":"req_28b73b5a8f7242c68f5bdd0db190db49","parentId":"fld_9ed2069fa72e4e5a9404ebe5778cd1d1","modified":1743015003926,"created":1743001747322,"url":"https://localhost/soa2025/aula6/api.php","name":"Insert","description":"","method":"POST","body":{"mimeType":"multipart/form-data","params":[{"id":"pair_2d0cf89c31b4461994f021dca65db202","name":"nome_produto","value":"PAPEL HIGIÊNICO","description":"","disabled":false},{"id":"pair_b25ae87a3ef74170b31eaf97e329f20c","name":"valor","value":"19.99","description":"","disabled":false},{"id":"pair_7ba5e73764214718b1c1173f674fb33e","name":"status","value":"Ativo","description":"","disabled":false},{"id":"pair_34e72f95dee449d6860122ff4357233e","name":"registro","value":"1","description":"","disabled":false},{"id":"pair_8ea6a10d93e64bb99dd09f558a2ae60b","name":"grupo","value":"MERCADO","description":"","disabled":false}]},"parameters":[],"headers":[{"name":"Content-Type","value":"multipart/form-data"},{"name":"User-Agent","value":"insomnia/9.3.3"}],"authentication":{"type":"basic","useISO88591":false,"disabled":false,"username":"brunohenr@gmail.com","password":"brunin123"},"metaSortKey":-1743001747322,"isPrivate":false,"pathParameters":[],"settingStoreCookies":true,"settingSendCookies":true,"settingDisableRenderRequestBody":false,"settingEncodeUrl":true,"settingRebuildPath":true,"settingFollowRedirects":"global","_type":"request"},{"_id":"req_c9d1235cfd844f0c87aba1e8a3d9f519","parentId":"fld_9ed2069fa72e4e5a9404ebe5778cd1d1","modified":1743015036830,"created":1743001745405,"url":"https://localhost/soa2025/aula6/api.php","name":"Update","description":"","method":"PUT","body":{"mimeType":"application/x-www-form-urlencoded","params":[{"id":"pair_c2552e539e0149afb5a509581856b9af","name":"nome_produto","value":"PAPEL HIGIÊNICO","description":"","disabled":false},{"id":"pair_75b69eeb48284ea9bc3194a75b35c1a9","name":"valor","value":"21.95","description":"","disabled":false},{"id":"pair_c66c545854b94a21941724c1eef0a44c","name":"status","value":"Ativo","description":"","disabled":false},{"id":"pair_eb3d38f9796b40958f99b96a8bceefcb","name":"id","value":"6","description":"","disabled":false}]},"parameters":[],"headers":[{"name":"Content-Type","value":"application/x-www-form-urlencoded"},{"name":"User-Agent","value":"insomnia/9.3.3"}],"authentication":{"type":"basic","useISO88591":false,"disabled":false,"username":"brunohenr@gmail.com","password":"brunin123"},"metaSortKey":-1743001745405,"isPrivate":false,"pathParameters":[],"settingStoreCookies":true,"settingSendCookies":true,"settingDisableRenderRequestBody":false,"settingEncodeUrl":true,"settingRebuildPath":true,"settingFollowRedirects":"global","_type":"request"},{"_id":"req_79a70e61b63646478d3d81bfb89a0308","parentId":"fld_9ed2069fa72e4e5a9404ebe5778cd1d1","modified":1743012818560,"created":1743001738869,"url":"https://localhost/soa2025/aula6/api.php?id=6","name":"Delete","description":"","method":"DELETE","body":{},"parameters":[],"headers":[{"name":"User-Agent","value":"insomnia/9.3.3"}],"authentication":{"type":"basic","useISO88591":false,"disabled":false,"username":"brunohenr@gmail.com","password":"brunin123"},"metaSortKey":-1743001738869,"isPrivate":false,"pathParameters":[],"settingStoreCookies":true,"settingSendCookies":true,"settingDisableRenderRequestBody":false,"settingEncodeUrl":true,"settingRebuildPath":true,"settingFollowRedirects":"global","_type":"request"},{"_id":"req_5a973694a0fc42a3a783dd1a7adc2547","parentId":"fld_90ecd95a767a42368b00402681100829","modified":1743197449289,"created":1743001729023,"url":"https://localhost/soa2025/teste/api.php","name":"Select","description":"","method":"GET","body":{},"parameters":[],"headers":[{"name":"User-Agent","value":"insomnia/9.3.3"}],"authentication":{"type":"basic","useISO88591":false,"disabled":false,"username":"brunohenr@gmail.com","password":"brunin123"},"metaSortKey":-1743001747422,"isPrivate":false,"pathParameters":[],"settingStoreCookies":true,"settingSendCookies":true,"settingDisableRenderRequestBody":false,"settingEncodeUrl":true,"settingRebuildPath":true,"settingFollowRedirects":"global","_type":"request"},{"_id":"fld_90ecd95a767a42368b00402681100829","parentId":"wrk_24210ec1088d47e9bfba30c5fe078438","modified":1743197444596,"created":1743001724849,"name":"Teste","description":"","environment":{},"environmentPropertyOrder":null,"metaSortKey":-1743001724849,"_type":"request_group"},{"_id":"req_1e36d80493b4462fa9734c7f230cd1b8","parentId":"fld_90ecd95a767a42368b00402681100829","modified":1743199518038,"created":1743001747322,"url":"https://localhost/soa2025/teste/api.php","name":"Insert","description":"","method":"POST","body":{"mimeType":"multipart/form-data","params":[{"id":"pair_2d0cf89c31b4461994f021dca65db202","name":"nome_jogo","value":"BOMBA PATCH","description":"","disabled":false},{"id":"pair_b25ae87a3ef74170b31eaf97e329f20c","name":"valor","value":"2.99","description":"","disabled":false},{"id":"pair_7ba5e73764214718b1c1173f674fb33e","name":"ano","value":"2001","description":"","disabled":false},{"id":"pair_8ea6a10d93e64bb99dd09f558a2ae60b","name":"categoria","value":"ESPORTE","description":"","disabled":false}]},"parameters":[],"headers":[{"name":"Content-Type","value":"multipart/form-data"},{"name":"User-Agent","value":"insomnia/9.3.3"}],"authentication":{"type":"basic","useISO88591":false,"disabled":false,"username":"brunohenr@gmail.com","password":"brunin123"},"metaSortKey":-1743001747322,"isPrivate":false,"pathParameters":[],"settingStoreCookies":true,"settingSendCookies":true,"settingDisableRenderRequestBody":false,"settingEncodeUrl":true,"settingRebuildPath":true,"settingFollowRedirects":"global","_type":"request"},{"_id":"req_4a138d0cf3ce45e680211d4759cc668f","parentId":"fld_90ecd95a767a42368b00402681100829","modified":1743199147579,"created":1743001745405,"url":"https://localhost/soa2025/teste/api.php","name":"Update","description":"","method":"PUT","body":{"mimeType":"application/x-www-form-urlencoded","params":[{"id":"pair_c2552e539e0149afb5a509581856b9af","name":"nome_jogo","value":"GTA V","description":"","disabled":false},{"id":"pair_75b69eeb48284ea9bc3194a75b35c1a9","name":"valor","value":"149.99","description":"","disabled":false},{"id":"pair_c66c545854b94a21941724c1eef0a44c","name":"ano","value":"2023","description":"","disabled":false},{"id":"pair_eb3d38f9796b40958f99b96a8bceefcb","name":"id","value":"4","description":"","disabled":false}]},"parameters":[],"headers":[{"name":"Content-Type","value":"application/x-www-form-urlencoded"},{"name":"User-Agent","value":"insomnia/9.3.3"}],"authentication":{"type":"basic","useISO88591":false,"disabled":false,"username":"brunohenr@gmail.com","password":"brunin123"},"metaSortKey":-1743001745405,"isPrivate":false,"pathParameters":[],"settingStoreCookies":true,"settingSendCookies":true,"settingDisableRenderRequestBody":false,"settingEncodeUrl":true,"settingRebuildPath":true,"settingFollowRedirects":"global","_type":"request"},{"_id":"req_78b5e1f5f7964011940e85f86f9bc1fd","parentId":"fld_90ecd95a767a42368b00402681100829","modified":1743197471434,"created":1743001738869,"url":"https://localhost/soa2025/teste/api.php?id=6","name":"Delete","description":"","method":"DELETE","body":{},"parameters":[],"headers":[{"name":"User-Agent","value":"insomnia/9.3.3"}],"authentication":{"type":"basic","useISO88591":false,"disabled":false,"username":"brunohenr@gmail.com","password":"brunin123"},"metaSortKey":-1743001738869,"isPrivate":false,"pathParameters":[],"settingStoreCookies":true,"settingSendCookies":true,"settingDisableRenderRequestBody":false,"settingEncodeUrl":true,"settingRebuildPath":true,"settingFollowRedirects":"global","_type":"request"},{"_id":"env_48bd1fd12c2905dd4685ce145d4810838ef95777","parentId":"wrk_24210ec1088d47e9bfba30c5fe078438","modified":1743001713937,"created":1743001713937,"name":"Base Environment","data":{},"dataPropertyOrder":null,"color":null,"isPrivate":false,"metaSortKey":1743001713937,"_type":"environment"},{"_id":"jar_48bd1fd12c2905dd4685ce145d4810838ef95777","parentId":"wrk_24210ec1088d47e9bfba30c5fe078438","modified":1743001713939,"created":1743001713939,"name":"Default Jar","cookies":[],"_type":"cookie_jar"}]}